0,-1200.000000,-2000.000000,0.000000,4.000000,4.000000,4.000000,0.000000,0.000000,0.000000,0
0,-800.000000,-2000.000000,0.000000,4.000000,4.000000,4.000000,0.000000,0.000000,0.000000,0
0,-400.000000,-2000.000000,0.000000,4.000000,4.000000,4.000000,0.000000,0.000000,0.000000,0
0,0.000000,-2000.000000,0.000000,4.000000,4.000000,4.000000,0.000000,0.000000,0.000000,0
0,400.000000,-2000.000000,0.000000,4.000000,4.000000,4.000000,0.000000,0.000000,0.000000,0
0,800.000000,-2000.000000,0.000000,4.000000,4.000000,4.000000,0.000000,0.000000,0.000000,0
0,1200.000000,-2000.000000,0.000000,4.000000,4.000000,4.000000,0.000000,0.000000,0.000000,0
0,1600.000000,-2000.000000,0.000000,4.000000,4.000000,4.000000,0.000000,0.000000,0.000000,0
0,-1600.000000,-1600.000000,0.000000,4.000000,4.000000,4.000000,0.000000,0.000000,0.000000,0
0,-1600.000000,-1200.000000,0.000000,4.000000,4.000000,4.000000,0.000000,0.000000,0.000000,0
0,-1600.000000,-800.000000,0.000000,4.000000,4.000000,4.000000,0.000000,0.000000,0.000000,0
0,-1600.000000,-400.000000,0.000000,4.000000,4.000000,4.000000,0.000000,0.000000,0.000000,0
0,-1600.000000,0.000000,0.000000,4.000000,4.000000,4.000000,0.000000,0.000000,0.000000,0
0,-1600.000000,-2000.000000,0.000000,4.000000,4.000000,4.000000,0.000000,0.000000,0.000000,0
0,-1600.000000,400.000000,0.000000,4.000000,4.000000,4.000000,0.000000,0.000000,0.000000,0
0,-1200.000000,400.000000,0.000000,4.000000,4.000000,4.000000,0.000000,0.000000,0.000000,0
0,-800.000000,400.000000,0.000000,4.000000,4.000000,4.000000,0.000000,0.000000,0.000000,0
0,-400.000000,400.000000,0.000000,4.000000,4.000000,4.000000,0.000000,0.000000,0.000000,0
0,0.000000,400.000000,0.000000,4.000000,4.000000,4.000000,0.000000,0.000000,0.000000,0
0,400.000000,400.000000,0.000000,4.000000,4.000000,4.000000,0.000000,0.000000,0.000000,0
0,800.000000,400.000000,0.000000,4.000000,4.000000,4.000000,0.000000,0.000000,0.000000,0
0,1200.000000,400.000000,0.000000,4.000000,4.000000,4.000000,0.000000,0.000000,0.000000,0
0,1600.000000,400.000000,0.000000,4.000000,4.000000,4.000000,0.000000,0.000000,0.000000,0
0,2000.000000,400.000000,0.000000,4.000000,4.000000,4.000000,0.000000,0.000000,0.000000,0
0,2400.000000,400.000000,0.000000,4.000000,4.000000,4.000000,0.000000,0.000000,0.000000,0
0,2800.000000,400.000000,0.000000,4.000000,4.000000,4.000000,0.000000,0.000000,0.000000,0
0,2000.000000,-2000.000000,0.000000,4.000000,4.000000,4.000000,0.000000,0.000000,0.000000,0
0,2400.000000,-2000.000000,0.000000,4.000000,4.000000,4.000000,0.000000,0.000000,0.000000,0
0,2800.000000,-2000.000000,0.000000,4.000000,4.000000,4.000000,0.000000,0.000000,0.000000,0
0,3200.000000,-2000.000000,0.000000,4.000000,4.000000,4.000000,0.000000,0.000000,0.000000,0
0,3600.000000,-2000.000000,0.000000,4.000000,4.000000,4.000000,0.000000,0.000000,0.000000,0
0,4000.000000,-2000.000000,0.000000,4.000000,4.000000,4.000000,0.000000,0.000000,0.000000,0
0,4400.000000,-2000.000000,0.000000,4.000000,4.000000,4.000000,0.000000,0.000000,0.000000,0
0,3200.000000,400.000000,0.000000,4.000000,4.000000,4.000000,0.000000,0.000000,0.000000,0
0,3600.000000,400.000000,0.000000,4.000000,4.000000,4.000000,0.000000,0.000000,0.000000,0
0,4000.000000,400.000000,0.000000,4.000000,4.000000,4.000000,0.000000,0.000000,0.000000,0
0,4400.000000,400.000000,0.000000,4.000000,4.000000,4.000000,0.000000,0.000000,0.000000,0
0,4800.000000,400.000000,0.000000,4.000000,4.000000,4.000000,0.000000,0.000000,0.000000,0
0,4800.000000,-2000.000000,0.000000,4.000000,4.000000,4.000000,0.000000,0.000000,0.000000,0
7,4400.000000,-1600.000000,0.000000,4.000000,4.000000,4.000000,0.000000,0.000000,0.000000,0
7,4800.000000,-1600.000000,0.000000,4.000000,4.000000,4.000000,0.000000,0.000000,0.000000,0
7,5200.000000,-1600.000000,0.000000,4.000000,4.000000,4.000000,0.000000,0.000000,0.000000,0
7,4400.000000,0.000000,0.000000,4.000000,4.000000,4.000000,0.000000,0.000000,3.141593,0
7,4800.000000,0.000000,0.000000,4.000000,4.000000,4.000000,0.000000,0.000000,3.141593,0
7,5200.000000,0.000000,0.000000,4.000000,4.000000,4.000000,0.000000,0.000000,3.141593,0
0,5200.000000,-2000.000000,0.000000,4.000000,4.000000,4.000000,0.000000,0.000000,3.141593,0
0,5600.000000,-2000.000000,0.000000,4.000000,4.000000,4.000000,0.000000,0.000000,3.141593,0
0,6000.000000,-2000.000000,0.000000,4.000000,4.000000,4.000000,0.000000,0.000000,3.141593,0
0,6400.000000,-2000.000000,0.000000,4.000000,4.000000,4.000000,0.000000,0.000000,3.141593,0
0,6800.000000,-2000.000000,0.000000,4.000000,4.000000,4.000000,0.000000,0.000000,3.141593,0
0,7200.000000,-2000.000000,0.000000,4.000000,4.000000,4.000000,0.000000,0.000000,3.141593,0
0,7600.000000,-2000.000000,0.000000,4.000000,4.000000,4.000000,0.000000,0.000000,3.141593,0
0,8000.000000,-2000.000000,0.000000,4.000000,4.000000,4.000000,0.000000,0.000000,3.141593,0
0,5200.000000,400.000000,0.000000,4.000000,4.000000,4.000000,0.000000,0.000000,3.141593,0
0,5600.000000,400.000000,0.000000,4.000000,4.000000,4.000000,0.000000,0.000000,3.141593,0
0,6000.000000,400.000000,0.000000,4.000000,4.000000,4.000000,0.000000,0.000000,3.141593,0
0,6400.000000,400.000000,0.000000,4.000000,4.000000,4.000000,0.000000,0.000000,3.141593,0
0,6800.000000,400.000000,0.000000,4.000000,4.000000,4.000000,0.000000,0.000000,3.141593,0
0,7200.000000,400.000000,0.000000,4.000000,4.000000,4.000000,0.000000,0.000000,3.141593,0
0,7600.000000,400.000000,0.000000,4.000000,4.000000,4.000000,0.000000,0.000000,3.141593,0
0,8000.000000,400.000000,0.000000,4.000000,4.000000,4.000000,0.000000,0.000000,3.141593,0
0,8400.000000,-2000.000000,0.000000,4.000000,4.000000,4.000000,0.000000,0.000000,3.141593,0
0,8800.000000,-2000.000000,0.000000,4.000000,4.000000,4.000000,0.000000,0.000000,3.141593,0
0,9200.000000,-2000.000000,0.000000,4.000000,4.000000,4.000000,0.000000,0.000000,3.141593,0
0,8400.000000,400.000000,0.000000,4.000000,4.000000,4.000000,0.000000,0.000000,3.141593,0
0,8800.000000,400.000000,0.000000,4.000000,4.000000,4.000000,0.000000,0.000000,3.141593,0
0,9200.000000,400.000000,0.000000,4.000000,4.000000,4.000000,0.000000,0.000000,3.141593,0
0,9600.000000,400.000000,0.000000,4.000000,4.000000,4.000000,0.000000,0.000000,3.141593,0
4,5200.000000,-800.000000,0.000000,3.000000,3.000000,3.000000,0.000000,0.000000,0.000000,0
4,4800.000000,-800.000000,0.000000,3.000000,3.000000,3.000000,0.000000,0.000000,0.000000,0
4,4400.000000,-800.000000,0.000000,3.000000,3.000000,3.000000,0.000000,0.000000,0.000000,0
13,8000.000000,-1600.000000,0.000000,4.000000,4.000000,4.000000,0.000000,0.000000,0.000000,0
0,9600.000000,-2000.000000,0.000000,4.000000,4.000000,4.000000,0.000000,0.000000,0.000000,0
0,10000.000000,-2000.000000,0.000000,4.000000,4.000000,4.000000,0.000000,0.000000,0.000000,0
0,10400.000000,-2000.000000,0.000000,4.000000,4.000000,4.000000,0.000000,0.000000,0.000000,0
0,10800.000000,-2000.000000,0.000000,4.000000,4.000000,4.000000,0.000000,0.000000,0.000000,0
0,11200.000000,-2000.000000,0.000000,4.000000,4.000000,4.000000,0.000000,0.000000,0.000000,0
0,11600.000000,-2000.000000,0.000000,4.000000,4.000000,4.000000,0.000000,0.000000,0.000000,0
0,12000.000000,-2000.000000,0.000000,4.000000,4.000000,4.000000,0.000000,0.000000,0.000000,0
0,10000.000000,400.000000,0.000000,4.000000,4.000000,4.000000,0.000000,0.000000,0.000000,0
0,10400.000000,400.000000,0.000000,4.000000,4.000000,4.000000,0.000000,0.000000,0.000000,0
0,10800.000000,400.000000,0.000000,4.000000,4.000000,4.000000,0.000000,0.000000,0.000000,0
0,11200.000000,400.000000,0.000000,4.000000,4.000000,4.000000,0.000000,0.000000,0.000000,0
0,11600.000000,400.000000,0.000000,4.000000,4.000000,4.000000,0.000000,0.000000,0.000000,0
0,12000.000000,400.000000,0.000000,4.000000,4.000000,4.000000,0.000000,0.000000,0.000000,0
0,12400.000000,400.000000,0.000000,4.000000,4.000000,4.000000,0.000000,0.000000,0.000000,0
0,12400.000000,-2000.000000,0.000000,4.000000,4.000000,4.000000,0.000000,0.000000,0.000000,0
7,12400.000000,-1600.000000,0.000000,4.000000,4.000000,4.000000,0.000000,0.000000,0.000000,0
7,11600.000000,-1600.000000,0.000000,4.000000,4.000000,4.000000,0.000000,0.000000,0.000000,0
7,12000.000000,-1600.000000,0.000000,4.000000,4.000000,4.000000,0.000000,0.000000,0.000000,0
7,11200.000000,-1600.000000,0.000000,4.000000,4.000000,4.000000,0.000000,0.000000,0.000000,0
7,10400.000000,-1600.000000,0.000000,4.000000,4.000000,4.000000,0.000000,0.000000,0.000000,0
7,10800.000000,-1600.000000,0.000000,4.000000,4.000000,4.000000,0.000000,0.000000,0.000000,0
7,13200.000000,-1600.000000,0.000000,4.000000,4.000000,4.000000,0.000000,0.000000,0.000000,0
7,12800.000000,-1600.000000,0.000000,4.000000,4.000000,4.000000,0.000000,0.000000,0.000000,0
7,13600.000000,-1600.000000,0.000000,4.000000,4.000000,4.000000,0.000000,0.000000,0.000000,0
7,14000.000000,-1600.000000,0.000000,4.000000,4.000000,4.000000,0.000000,0.000000,0.000000,0
7,14400.000000,-1600.000000,0.000000,4.000000,4.000000,4.000000,0.000000,0.000000,0.000000,0
0,12800.000000,-2000.000000,0.000000,4.000000,4.000000,4.000000,0.000000,0.000000,0.000000,0
0,13200.000000,-2000.000000,0.000000,4.000000,4.000000,4.000000,0.000000,0.000000,0.000000,0
0,13600.000000,-2000.000000,0.000000,4.000000,4.000000,4.000000,0.000000,0.000000,0.000000,0
0,14000.000000,-2000.000000,0.000000,4.000000,4.000000,4.000000,0.000000,0.000000,0.000000,0
0,14400.000000,-2000.000000,0.000000,4.000000,4.000000,4.000000,0.000000,0.000000,0.000000,0
0,12800.000000,400.000000,0.000000,4.000000,4.000000,4.000000,0.000000,0.000000,0.000000,0
0,13200.000000,400.000000,0.000000,4.000000,4.000000,4.000000,0.000000,0.000000,0.000000,0
0,13600.000000,400.000000,0.000000,4.000000,4.000000,4.000000,0.000000,0.000000,0.000000,0
0,14000.000000,400.000000,0.000000,4.000000,4.000000,4.000000,0.000000,0.000000,0.000000,0
0,14400.000000,400.000000,0.000000,4.000000,4.000000,4.000000,0.000000,0.000000,0.000000,0
7,10400.000000,0.000000,0.000000,4.000000,4.000000,4.000000,0.000000,0.000000,3.141593,0
7,10800.000000,0.000000,0.000000,4.000000,4.000000,4.000000,0.000000,0.000000,3.141593,0
7,11200.000000,0.000000,0.000000,4.000000,4.000000,4.000000,0.000000,0.000000,3.141593,0
7,11600.000000,0.000000,0.000000,4.000000,4.000000,4.000000,0.000000,0.000000,3.141593,0
7,12000.000000,0.000000,0.000000,4.000000,4.000000,4.000000,0.000000,0.000000,3.141593,0
7,12400.000000,0.000000,0.000000,4.000000,4.000000,4.000000,0.000000,0.000000,3.141593,0
7,12800.000000,0.000000,0.000000,4.000000,4.000000,4.000000,0.000000,0.000000,3.141593,0
7,13200.000000,0.000000,0.000000,4.000000,4.000000,4.000000,0.000000,0.000000,3.141593,0
7,13600.000000,0.000000,0.000000,4.000000,4.000000,4.000000,0.000000,0.000000,3.141593,0
7,14000.000000,0.000000,0.000000,4.000000,4.000000,4.000000,0.000000,0.000000,3.141593,0
7,14400.000000,0.000000,0.000000,4.000000,4.000000,4.000000,0.000000,0.000000,3.141593,0
0,14800.000000,-2000.000000,0.000000,4.000000,4.000000,4.000000,0.000000,0.000000,0.000000,0
0,15200.000000,-2000.000000,0.000000,4.000000,4.000000,4.000000,0.000000,0.000000,0.000000,0
0,15600.000000,-2000.000000,0.000000,4.000000,4.000000,4.000000,0.000000,0.000000,0.000000,0
0,16000.000000,-2000.000000,0.000000,4.000000,4.000000,4.000000,0.000000,0.000000,0.000000,0
0,16400.000000,-2000.000000,0.000000,4.000000,4.000000,4.000000,0.000000,0.000000,0.000000,0
0,16800.000000,-2000.000000,0.000000,4.000000,4.000000,4.000000,0.000000,0.000000,0.000000,0
0,14800.000000,400.000000,0.000000,4.000000,4.000000,4.000000,0.000000,0.000000,0.000000,0
0,15200.000000,400.000000,0.000000,4.000000,4.000000,4.000000,0.000000,0.000000,0.000000,0
0,15600.000000,400.000000,0.000000,4.000000,4.000000,4.000000,0.000000,0.000000,0.000000,0
0,16000.000000,400.000000,0.000000,4.000000,4.000000,4.000000,0.000000,0.000000,0.000000,0
0,16400.000000,400.000000,0.000000,4.000000,4.000000,4.000000,0.000000,0.000000,0.000000,0
0,16800.000000,400.000000,0.000000,4.000000,4.000000,4.000000,0.000000,0.000000,0.000000,0
14,12400.000000,-800.000000,0.000000,4.000000,4.000000,4.000000,0.000000,0.000000,0.000000,0
3,17600.000000,-1600.000000,400.000000,4.000000,4.000000,4.000000,0.000000,0.000000,0.000000,0
0,17200.000000,-2000.000000,0.000000,4.000000,4.000000,4.000000,0.000000,0.000000,0.000000,0
0,17600.000000,-2000.000000,0.000000,4.000000,4.000000,4.000000,0.000000,0.000000,0.000000,0
0,18000.000000,-2000.000000,0.000000,4.000000,4.000000,4.000000,0.000000,0.000000,0.000000,0
0,18400.000000,-2000.000000,0.000000,4.000000,4.000000,4.000000,0.000000,0.000000,0.000000,0
0,18800.000000,-2000.000000,0.000000,4.000000,4.000000,4.000000,0.000000,0.000000,0.000000,0
0,19200.000000,-2000.000000,0.000000,4.000000,4.000000,4.000000,0.000000,0.000000,0.000000,0
0,17200.000000,400.000000,0.000000,4.000000,4.000000,4.000000,0.000000,0.000000,0.000000,0
0,17600.000000,400.000000,0.000000,4.000000,4.000000,4.000000,0.000000,0.000000,0.000000,0
0,18000.000000,400.000000,0.000000,4.000000,4.000000,4.000000,0.000000,0.000000,0.000000,0
0,18400.000000,400.000000,0.000000,4.000000,4.000000,4.000000,0.000000,0.000000,0.000000,0
0,18800.000000,400.000000,0.000000,4.000000,4.000000,4.000000,0.000000,0.000000,0.000000,0
0,19200.000000,400.000000,0.000000,4.000000,4.000000,4.000000,0.000000,0.000000,0.000000,0
0,19600.000000,400.000000,0.000000,4.000000,4.000000,4.000000,0.000000,0.000000,0.000000,0
0,19600.000000,-2000.000000,0.000000,4.000000,4.000000,4.000000,0.000000,0.000000,0.000000,0
13,16400.000000,-1600.000000,0.000000,4.000000,4.000000,4.000000,0.000000,0.000000,0.000000,0
0,20000.000000,-2000.000000,0.000000,4.000000,4.000000,4.000000,0.000000,0.000000,0.000000,0
0,20400.000000,-2000.000000,0.000000,4.000000,4.000000,4.000000,0.000000,0.000000,0.000000,0
0,20800.000000,-2000.000000,0.000000,4.000000,4.000000,4.000000,0.000000,0.000000,0.000000,0
0,21200.000000,-2000.000000,0.000000,4.000000,4.000000,4.000000,0.000000,0.000000,0.000000,0
0,21600.000000,-2000.000000,0.000000,4.000000,4.000000,4.000000,0.000000,0.000000,0.000000,0
0,22000.000000,-2000.000000,0.000000,4.000000,4.000000,4.000000,0.000000,0.000000,0.000000,0
0,22400.000000,-2000.000000,0.000000,4.000000,4.000000,4.000000,0.000000,0.000000,0.000000,0
0,22800.000000,-2000.000000,0.000000,4.000000,4.000000,4.000000,0.000000,0.000000,0.000000,0
0,23200.000000,-2000.000000,0.000000,4.000000,4.000000,4.000000,0.000000,0.000000,0.000000,0
0,23600.000000,-2000.000000,0.000000,4.000000,4.000000,4.000000,0.000000,0.000000,0.000000,0
0,24000.000000,-2000.000000,0.000000,4.000000,4.000000,4.000000,0.000000,0.000000,0.000000,0
0,20000.000000,400.000000,0.000000,4.000000,4.000000,4.000000,0.000000,0.000000,0.000000,0
0,20400.000000,400.000000,0.000000,4.000000,4.000000,4.000000,0.000000,0.000000,0.000000,0
0,20800.000000,400.000000,0.000000,4.000000,4.000000,4.000000,0.000000,0.000000,0.000000,0
0,21200.000000,400.000000,0.000000,4.000000,4.000000,4.000000,0.000000,0.000000,0.000000,0
0,21600.000000,400.000000,0.000000,4.000000,4.000000,4.000000,0.000000,0.000000,0.000000,0
0,24000.000000,-1600.000000,0.000000,4.000000,4.000000,4.000000,0.000000,0.000000,0.000000,0
0,24000.000000,-1200.000000,0.000000,4.000000,4.000000,4.000000,0.000000,0.000000,0.000000,0
0,24000.000000,-800.000000,0.000000,4.000000,4.000000,4.000000,0.000000,0.000000,0.000000,0
0,24000.000000,-400.000000,0.000000,4.000000,4.000000,4.000000,0.000000,0.000000,0.000000,0
0,24000.000000,0.000000,0.000000,4.000000,4.000000,4.000000,0.000000,0.000000,0.000000,0
0,24000.000000,400.000000,0.000000,4.000000,4.000000,4.000000,0.000000,0.000000,0.000000,0
0,24000.000000,800.000000,0.000000,4.000000,4.000000,4.000000,0.000000,0.000000,0.000000,0
0,24000.000000,1200.000000,0.000000,4.000000,4.000000,4.000000,0.000000,0.000000,0.000000,0
0,24000.000000,1600.000000,0.000000,4.000000,4.000000,4.000000,0.000000,0.000000,0.000000,0
0,24000.000000,2000.000000,0.000000,4.000000,4.000000,4.000000,0.000000,0.000000,0.000000,0
0,24000.000000,2400.000000,0.000000,4.000000,4.000000,4.000000,0.000000,0.000000,0.000000,0
0,24000.000000,2800.000000,0.000000,4.000000,4.000000,4.000000,0.000000,0.000000,0.000000,0
0,24000.000000,3200.000000,0.000000,4.000000,4.000000,4.000000,0.000000,0.000000,0.000000,0
0,24000.000000,3600.000000,0.000000,4.000000,4.000000,4.000000,0.000000,0.000000,0.000000,0
0,24000.000000,4000.000000,0.000000,4.000000,4.000000,4.000000,0.000000,0.000000,0.000000,0
0,23600.000000,4000.000000,0.000000,4.000000,4.000000,4.000000,0.000000,0.000000,0.000000,0
0,23200.000000,4000.000000,0.000000,4.000000,4.000000,4.000000,0.000000,0.000000,0.000000,0
0,22800.000000,4000.000000,0.000000,4.000000,4.000000,4.000000,0.000000,0.000000,0.000000,0
0,22400.000000,4000.000000,0.000000,4.000000,4.000000,4.000000,0.000000,0.000000,0.000000,0
0,22000.000000,4000.000000,0.000000,4.000000,4.000000,4.000000,0.000000,0.000000,0.000000,0
0,21600.000000,4000.000000,0.000000,4.000000,4.000000,4.000000,0.000000,0.000000,0.000000,0
0,21600.000000,3600.000000,0.000000,4.000000,4.000000,4.000000,0.000000,0.000000,0.000000,0
0,21600.000000,3200.000000,0.000000,4.000000,4.000000,4.000000,0.000000,0.000000,0.000000,0
0,21600.000000,2800.000000,0.000000,4.000000,4.000000,4.000000,0.000000,0.000000,0.000000,0
0,21600.000000,2400.000000,0.000000,4.000000,4.000000,4.000000,0.000000,0.000000,0.000000,0
0,21600.000000,2000.000000,0.000000,4.000000,4.000000,4.000000,0.000000,0.000000,0.000000,0
0,21600.000000,1600.000000,0.000000,4.000000,4.000000,4.000000,0.000000,0.000000,0.000000,0
0,21600.000000,1200.000000,0.000000,4.000000,4.000000,4.000000,0.000000,0.000000,0.000000,0
0,21600.000000,800.000000,0.000000,4.000000,4.000000,4.000000,0.000000,0.000000,0.000000,0
7,20400.000000,-1600.000000,0.000000,4.000000,4.000000,4.000000,0.000000,0.000000,0.000000,0
7,20800.000000,-1600.000000,0.000000,4.000000,4.000000,4.000000,0.000000,0.000000,0.000000,0
7,21200.000000,-1600.000000,0.000000,4.000000,4.000000,4.000000,0.000000,0.000000,0.000000,0
7,21600.000000,-1600.000000,0.000000,4.000000,4.000000,4.000000,0.000000,0.000000,0.000000,0
7,22000.000000,-1600.000000,0.000000,4.000000,4.000000,4.000000,0.000000,0.000000,0.000000,0
7,22400.000000,-1600.000000,0.000000,4.000000,4.000000,4.000000,0.000000,0.000000,0.000000,0
7,22800.000000,-1600.000000,0.000000,4.000000,4.000000,4.000000,0.000000,0.000000,0.000000,0
7,23200.000000,-1600.000000,0.000000,4.000000,4.000000,4.000000,0.000000,0.000000,0.000000,0
7,23600.000000,-1200.000000,0.000000,4.000000,4.000000,4.000000,0.000000,0.000000,1.570796,0
7,23600.000000,-800.000000,0.000000,4.000000,4.000000,4.000000,0.000000,0.000000,1.570796,0
7,23600.000000,-400.000000,0.000000,4.000000,4.000000,4.000000,0.000000,0.000000,1.570796,0
7,23600.000000,0.000000,0.000000,4.000000,4.000000,4.000000,0.000000,0.000000,1.570796,0
7,23600.000000,400.000000,0.000000,4.000000,4.000000,4.000000,0.000000,0.000000,1.570796,0
7,23600.000000,800.000000,0.000000,4.000000,4.000000,4.000000,0.000000,0.000000,1.570796,0
7,23600.000000,1200.000000,0.000000,4.000000,4.000000,4.000000,0.000000,0.000000,1.570796,0
7,23600.000000,1600.000000,0.000000,4.000000,4.000000,4.000000,0.000000,0.000000,1.570796,0
7,23600.000000,2000.000000,0.000000,4.000000,4.000000,4.000000,0.000000,0.000000,1.570796,0
7,23600.000000,2400.000000,0.000000,4.000000,4.000000,4.000000,0.000000,0.000000,1.570796,0
7,23600.000000,2800.000000,0.000000,4.000000,4.000000,4.000000,0.000000,0.000000,1.570796,0
7,22000.000000,2800.000000,0.000000,4.000000,4.000000,4.000000,0.000000,0.000000,-1.570796,0
7,22000.000000,2400.000000,0.000000,4.000000,4.000000,4.000000,0.000000,0.000000,-1.570796,0
7,22000.000000,2000.000000,0.000000,4.000000,4.000000,4.000000,0.000000,0.000000,-1.570796,0
7,22000.000000,1600.000000,0.000000,4.000000,4.000000,4.000000,0.000000,0.000000,-1.570796,0
7,22000.000000,1200.000000,0.000000,4.000000,4.000000,4.000000,0.000000,0.000000,-1.570796,0
7,22000.000000,800.000000,0.000000,4.000000,4.000000,4.000000,0.000000,0.000000,-1.570796,0
7,22000.000000,400.000000,0.000000,4.000000,4.000000,4.000000,0.000000,0.000000,-1.570796,0
7,21600.000000,0.000000,0.000000,4.000000,4.000000,4.000000,0.000000,0.000000,3.141593,0
7,21200.000000,0.000000,0.000000,4.000000,4.000000,4.000000,0.000000,0.000000,3.141593,0
7,20800.000000,0.000000,0.000000,4.000000,4.000000,4.000000,0.000000,0.000000,3.141593,0
7,20400.000000,0.000000,0.000000,4.000000,4.000000,4.000000,0.000000,0.000000,3.141593,0
5,22800.000000,3600.000000,0.000000,8.000000,8.000000,8.000000,0.000000,0.000000,3.141593,0
0,-1200.000000,-1200.000000,3200.000000,4.000000,4.000000,4.000000,0.000000,0.000000,0.000000,0
0,-800.000000,-1200.000000,3200.000000,4.000000,4.000000,4.000000,0.000000,0.000000,0.000000,0
0,-400.000000,-1200.000000,3200.000000,4.000000,4.000000,4.000000,0.000000,0.000000,0.000000,0
0,0.000000,-1200.000000,3200.000000,4.000000,4.000000,4.000000,0.000000,0.000000,0.000000,0
0,400.000000,-1200.000000,3200.000000,4.000000,4.000000,4.000000,0.000000,0.000000,0.000000,0
0,800.000000,-1200.000000,3200.000000,4.000000,4.000000,4.000000,0.000000,0.000000,0.000000,0
0,1200.000000,-1200.000000,3200.000000,4.000000,4.000000,4.000000,0.000000,0.000000,0.000000,0
0,1600.000000,-1200.000000,3200.000000,4.000000,4.000000,4.000000,0.000000,0.000000,0.000000,0
0,2000.000000,-1200.000000,3200.000000,4.000000,4.000000,4.000000,0.000000,0.000000,0.000000,0
0,2400.000000,-1200.000000,3200.000000,4.000000,4.000000,4.000000,0.000000,0.000000,0.000000,0
0,2800.000000,-1200.000000,3200.000000,4.000000,4.000000,4.000000,0.000000,0.000000,0.000000,0
0,3200.000000,-1200.000000,3200.000000,4.000000,4.000000,4.000000,0.000000,0.000000,0.000000,0
0,3600.000000,-1200.000000,3200.000000,4.000000,4.000000,4.000000,0.000000,0.000000,0.000000,0
0,4000.000000,-1200.000000,3200.000000,4.000000,4.000000,4.000000,0.000000,0.000000,0.000000,0
0,4400.000000,-1200.000000,3200.000000,4.000000,4.000000,4.000000,0.000000,0.000000,0.000000,0
0,4800.000000,-1200.000000,3200.000000,4.000000,4.000000,4.000000,0.000000,0.000000,0.000000,0
0,5200.000000,-1200.000000,3200.000000,4.000000,4.000000,4.000000,0.000000,0.000000,0.000000,0
0,5600.000000,-1200.000000,3200.000000,4.000000,4.000000,4.000000,0.000000,0.000000,0.000000,0
0,6000.000000,-1200.000000,3200.000000,4.000000,4.000000,4.000000,0.000000,0.000000,0.000000,0
0,6400.000000,-1200.000000,3200.000000,4.000000,4.000000,4.000000,0.000000,0.000000,0.000000,0
0,6800.000000,-1200.000000,3200.000000,4.000000,4.000000,4.000000,0.000000,0.000000,0.000000,0
0,7200.000000,-1200.000000,3200.000000,4.000000,4.000000,4.000000,0.000000,0.000000,0.000000,0
0,7600.000000,-1200.000000,3200.000000,4.000000,4.000000,4.000000,0.000000,0.000000,0.000000,0
0,8000.000000,-1200.000000,3200.000000,4.000000,4.000000,4.000000,0.000000,0.000000,0.000000,0
0,8400.000000,-1200.000000,3200.000000,4.000000,4.000000,4.000000,0.000000,0.000000,0.000000,0
0,8800.000000,-1200.000000,3200.000000,4.000000,4.000000,4.000000,0.000000,0.000000,0.000000,0
0,9200.000000,-1200.000000,3200.000000,4.000000,4.000000,4.000000,0.000000,0.000000,0.000000,0
0,9600.000000,-1200.000000,3200.000000,4.000000,4.000000,4.000000,0.000000,0.000000,0.000000,0
0,10000.000000,-1200.000000,3200.000000,4.000000,4.000000,4.000000,0.000000,0.000000,0.000000,0
0,10400.000000,-1200.000000,3200.000000,4.000000,4.000000,4.000000,0.000000,0.000000,0.000000,0
0,10800.000000,-1200.000000,3200.000000,4.000000,4.000000,4.000000,0.000000,0.000000,0.000000,0
0,11200.000000,-1200.000000,3200.000000,4.000000,4.000000,4.000000,0.000000,0.000000,0.000000,0
0,-2000.000000,0.000000,5200.000000,4.000000,4.000000,4.000000,0.000000,0.000000,0.000000,0
0,-1600.000000,0.000000,5200.000000,4.000000,4.000000,4.000000,0.000000,0.000000,0.000000,0
0,-1200.000000,0.000000,5200.000000,4.000000,4.000000,4.000000,0.000000,0.000000,0.000000,0
0,-800.000000,0.000000,5200.000000,4.000000,4.000000,4.000000,0.000000,0.000000,0.000000,0
0,-400.000000,0.000000,5200.000000,4.000000,4.000000,4.000000,0.000000,0.000000,0.000000,0
0,0.000000,0.000000,5200.000000,4.000000,4.000000,4.000000,0.000000,0.000000,0.000000,0
0,400.000000,0.000000,5200.000000,4.000000,4.000000,4.000000,0.000000,0.000000,0.000000,0
0,800.000000,0.000000,5200.000000,4.000000,4.000000,4.000000,0.000000,0.000000,0.000000,0
0,1200.000000,0.000000,5200.000000,4.000000,4.000000,4.000000,0.000000,0.000000,0.000000,0
0,1600.000000,0.000000,5200.000000,4.000000,4.000000,4.000000,0.000000,0.000000,0.000000,0
0,2000.000000,0.000000,5200.000000,4.000000,4.000000,4.000000,0.000000,0.000000,0.000000,0
0,2400.000000,0.000000,5200.000000,4.000000,4.000000,4.000000,0.000000,0.000000,0.000000,0
0,2800.000000,0.000000,5200.000000,4.000000,4.000000,4.000000,0.000000,0.000000,0.000000,0
0,3200.000000,0.000000,5200.000000,4.000000,4.000000,4.000000,0.000000,0.000000,0.000000,0
0,3600.000000,0.000000,5200.000000,4.000000,4.000000,4.000000,0.000000,0.000000,0.000000,0
0,4000.000000,0.000000,5200.000000,4.000000,4.000000,4.000000,0.000000,0.000000,0.000000,0
0,4400.000000,0.000000,5200.000000,4.000000,4.000000,4.000000,0.000000,0.000000,0.000000,0
0,4800.000000,0.000000,5200.000000,4.000000,4.000000,4.000000,0.000000,0.000000,0.000000,0
0,5200.000000,0.000000,5200.000000,4.000000,4.000000,4.000000,0.000000,0.000000,0.000000,0
0,5600.000000,0.000000,5200.000000,4.000000,4.000000,4.000000,0.000000,0.000000,0.000000,0
0,6000.000000,0.000000,5200.000000,4.000000,4.000000,4.000000,0.000000,0.000000,0.000000,0
0,6400.000000,0.000000,5200.000000,4.000000,4.000000,4.000000,0.000000,0.000000,0.000000,0
0,6800.000000,0.000000,5200.000000,4.000000,4.000000,4.000000,0.000000,0.000000,0.000000,0
0,7200.000000,0.000000,5200.000000,4.000000,4.000000,4.000000,0.000000,0.000000,0.000000,0
0,7600.000000,0.000000,5200.000000,4.000000,4.000000,4.000000,0.000000,0.000000,0.000000,0
0,8000.000000,0.000000,5200.000000,4.000000,4.000000,4.000000,0.000000,0.000000,0.000000,0
0,8400.000000,0.000000,5200.000000,4.000000,4.000000,4.000000,0.000000,0.000000,0.000000,0
0,8800.000000,0.000000,5200.000000,4.000000,4.000000,4.000000,0.000000,0.000000,0.000000,0
0,9200.000000,0.000000,5200.000000,4.000000,4.000000,4.000000,0.000000,0.000000,0.000000,0
0,9600.000000,0.000000,5200.000000,4.000000,4.000000,4.000000,0.000000,0.000000,0.000000,0
0,10000.000000,0.000000,5200.000000,4.000000,4.000000,4.000000,0.000000,0.000000,0.000000,0
0,10400.000000,0.000000,5200.000000,4.000000,4.000000,4.000000,0.000000,0.000000,0.000000,0
0,10800.000000,0.000000,5200.000000,4.000000,4.000000,4.000000,0.000000,0.000000,0.000000,0
0,11200.000000,0.000000,5200.000000,4.000000,4.000000,4.000000,0.000000,0.000000,0.000000,0
0,11600.000000,0.000000,5200.000000,4.000000,4.000000,4.000000,0.000000,0.000000,0.000000,0
0,12000.000000,0.000000,5200.000000,4.000000,4.000000,4.000000,0.000000,0.000000,0.000000,0
0,12400.000000,0.000000,5200.000000,4.000000,4.000000,4.000000,0.000000,0.000000,0.000000,0
0,12800.000000,0.000000,5200.000000,4.000000,4.000000,4.000000,0.000000,0.000000,0.000000,0
0,13200.000000,0.000000,5200.000000,4.000000,4.000000,4.000000,0.000000,0.000000,0.000000,0
0,13600.000000,0.000000,5200.000000,4.000000,4.000000,4.000000,0.000000,0.000000,0.000000,0
0,14000.000000,0.000000,5200.000000,4.000000,4.000000,4.000000,0.000000,0.000000,0.000000,0
0,14400.000000,0.000000,5200.000000,4.000000,4.000000,4.000000,0.000000,0.000000,0.000000,0
0,14800.000000,0.000000,5200.000000,4.000000,4.000000,4.000000,0.000000,0.000000,0.000000,0
0,15200.000000,0.000000,5200.000000,4.000000,4.000000,4.000000,0.000000,0.000000,0.000000,0
0,15600.000000,0.000000,5200.000000,4.000000,4.000000,4.000000,0.000000,0.000000,0.000000,0
0,16000.000000,0.000000,5200.000000,4.000000,4.000000,4.000000,0.000000,0.000000,0.000000,0
0,16400.000000,0.000000,5200.000000,4.000000,4.000000,4.000000,0.000000,0.000000,0.000000,0
0,16800.000000,0.000000,5200.000000,4.000000,4.000000,4.000000,0.000000,0.000000,0.000000,0
0,17200.000000,0.000000,5200.000000,4.000000,4.000000,4.000000,0.000000,0.000000,0.000000,0
0,17600.000000,0.000000,5200.000000,4.000000,4.000000,4.000000,0.000000,0.000000,0.000000,0
0,18000.000000,0.000000,5200.000000,4.000000,4.000000,4.000000,0.000000,0.000000,0.000000,0
0,18400.000000,0.000000,5200.000000,4.000000,4.000000,4.000000,0.000000,0.000000,0.000000,0
0,18800.000000,0.000000,5200.000000,4.000000,4.000000,4.000000,0.000000,0.000000,0.000000,0
0,19200.000000,0.000000,5200.000000,4.000000,4.000000,4.000000,0.000000,0.000000,0.000000,0
0,19600.000000,0.000000,5200.000000,4.000000,4.000000,4.000000,0.000000,0.000000,0.000000,0
0,20000.000000,0.000000,5200.000000,4.000000,4.000000,4.000000,0.000000,0.000000,0.000000,0
0,11600.000000,-1200.000000,3200.000000,4.000000,4.000000,4.000000,0.000000,0.000000,0.000000,0
0,12000.000000,-1200.000000,3200.000000,4.000000,4.000000,4.000000,0.000000,0.000000,0.000000,0
0,12400.000000,-1200.000000,3200.000000,4.000000,4.000000,4.000000,0.000000,0.000000,0.000000,0
0,12800.000000,-1200.000000,3200.000000,4.000000,4.000000,4.000000,0.000000,0.000000,0.000000,0
0,13200.000000,-1200.000000,3200.000000,4.000000,4.000000,4.000000,0.000000,0.000000,0.000000,0
0,13600.000000,-1200.000000,3200.000000,4.000000,4.000000,4.000000,0.000000,0.000000,0.000000,0
0,14000.000000,-1200.000000,3200.000000,4.000000,4.000000,4.000000,0.000000,0.000000,0.000000,0
0,14400.000000,-1200.000000,3200.000000,4.000000,4.000000,4.000000,0.000000,0.000000,0.000000,0
0,14800.000000,-1200.000000,3200.000000,4.000000,4.000000,4.000000,0.000000,0.000000,0.000000,0
0,15200.000000,-1200.000000,3200.000000,4.000000,4.000000,4.000000,0.000000,0.000000,0.000000,0
0,15600.000000,-1200.000000,3200.000000,4.000000,4.000000,4.000000,0.000000,0.000000,0.000000,0
0,16000.000000,-1200.000000,3200.000000,4.000000,4.000000,4.000000,0.000000,0.000000,0.000000,0
0,16400.000000,-1200.000000,3200.000000,4.000000,4.000000,4.000000,0.000000,0.000000,0.000000,0
0,16800.000000,-1200.000000,3200.000000,4.000000,4.000000,4.000000,0.000000,0.000000,0.000000,0
0,17200.000000,-1200.000000,3200.000000,4.000000,4.000000,4.000000,0.000000,0.000000,0.000000,0
0,17600.000000,-1200.000000,3200.000000,4.000000,4.000000,4.000000,0.000000,0.000000,0.000000,0
0,18000.000000,-1200.000000,3200.000000,4.000000,4.000000,4.000000,0.000000,0.000000,0.000000,0
0,18400.000000,-1200.000000,3200.000000,4.000000,4.000000,4.000000,0.000000,0.000000,0.000000,0
0,18800.000000,-1200.000000,3200.000000,4.000000,4.000000,4.000000,0.000000,0.000000,0.000000,0
0,19200.000000,-1200.000000,3200.000000,4.000000,4.000000,4.000000,0.000000,0.000000,0.000000,0
0,19600.000000,-1200.000000,3200.000000,4.000000,4.000000,4.000000,0.000000,0.000000,0.000000,0
0,20000.000000,-1200.000000,3200.000000,4.000000,4.000000,4.000000,0.000000,0.000000,0.000000,0
0,-1600.000000,-1200.000000,3200.000000,4.000000,4.000000,4.000000,0.000000,0.000000,0.000000,0
0,-2400.000000,-800.000000,6800.000000,4.000000,4.000000,4.000000,0.000000,0.000000,0.000000,0
0,-2000.000000,-800.000000,6800.000000,4.000000,4.000000,4.000000,0.000000,0.000000,0.000000,0
0,-1600.000000,-800.000000,6800.000000,4.000000,4.000000,4.000000,0.000000,0.000000,0.000000,0
0,-1200.000000,-800.000000,6800.000000,4.000000,4.000000,4.000000,0.000000,0.000000,0.000000,0
0,-800.000000,-800.000000,6800.000000,4.000000,4.000000,4.000000,0.000000,0.000000,0.000000,0
0,-400.000000,-800.000000,6800.000000,4.000000,4.000000,4.000000,0.000000,0.000000,0.000000,0
0,0.000000,-800.000000,6800.000000,4.000000,4.000000,4.000000,0.000000,0.000000,0.000000,0
0,400.000000,-800.000000,6800.000000,4.000000,4.000000,4.000000,0.000000,0.000000,0.000000,0
0,800.000000,-800.000000,6800.000000,4.000000,4.000000,4.000000,0.000000,0.000000,0.000000,0
0,1200.000000,-800.000000,6800.000000,4.000000,4.000000,4.000000,0.000000,0.000000,0.000000,0
0,1600.000000,-800.000000,6800.000000,4.000000,4.000000,4.000000,0.000000,0.000000,0.000000,0
0,2000.000000,-800.000000,6800.000000,4.000000,4.000000,4.000000,0.000000,0.000000,0.000000,0
0,2400.000000,-800.000000,6800.000000,4.000000,4.000000,4.000000,0.000000,0.000000,0.000000,0
0,2800.000000,-800.000000,6800.000000,4.000000,4.000000,4.000000,0.000000,0.000000,0.000000,0
0,3200.000000,-800.000000,6800.000000,4.000000,4.000000,4.000000,0.000000,0.000000,0.000000,0
0,3600.000000,-800.000000,6800.000000,4.000000,4.000000,4.000000,0.000000,0.000000,0.000000,0
0,4000.000000,-800.000000,6800.000000,4.000000,4.000000,4.000000,0.000000,0.000000,0.000000,0
0,4400.000000,-800.000000,6800.000000,4.000000,4.000000,4.000000,0.000000,0.000000,0.000000,0
0,4800.000000,-800.000000,6800.000000,4.000000,4.000000,4.000000,0.000000,0.000000,0.000000,0
0,5200.000000,-800.000000,6800.000000,4.000000,4.000000,4.000000,0.000000,0.000000,0.000000,0
0,5600.000000,-800.000000,6800.000000,4.000000,4.000000,4.000000,0.000000,0.000000,0.000000,0
0,6000.000000,-800.000000,6800.000000,4.000000,4.000000,4.000000,0.000000,0.000000,0.000000,0
0,6400.000000,-800.000000,6800.000000,4.000000,4.000000,4.000000,0.000000,0.000000,0.000000,0
0,6800.000000,-800.000000,6800.000000,4.000000,4.000000,4.000000,0.000000,0.000000,0.000000,0
0,7200.000000,-800.000000,6800.000000,4.000000,4.000000,4.000000,0.000000,0.000000,0.000000,0
0,7600.000000,-800.000000,6800.000000,4.000000,4.000000,4.000000,0.000000,0.000000,0.000000,0
0,8000.000000,-800.000000,6800.000000,4.000000,4.000000,4.000000,0.000000,0.000000,0.000000,0
0,8400.000000,-800.000000,6800.000000,4.000000,4.000000,4.000000,0.000000,0.000000,0.000000,0
0,8800.000000,-800.000000,6800.000000,4.000000,4.000000,4.000000,0.000000,0.000000,0.000000,0
0,9200.000000,-800.000000,6800.000000,4.000000,4.000000,4.000000,0.000000,0.000000,0.000000,0
0,9600.000000,-800.000000,6800.000000,4.000000,4.000000,4.000000,0.000000,0.000000,0.000000,0
0,10000.000000,-800.000000,6800.000000,4.000000,4.000000,4.000000,0.000000,0.000000,0.000000,0
0,10400.000000,-800.000000,6800.000000,4.000000,4.000000,4.000000,0.000000,0.000000,0.000000,0
0,10800.000000,-800.000000,6800.000000,4.000000,4.000000,4.000000,0.000000,0.000000,0.000000,0
0,11200.000000,-800.000000,6800.000000,4.000000,4.000000,4.000000,0.000000,0.000000,0.000000,0
0,11600.000000,-800.000000,6800.000000,4.000000,4.000000,4.000000,0.000000,0.000000,0.000000,0
0,12000.000000,-800.000000,6800.000000,4.000000,4.000000,4.000000,0.000000,0.000000,0.000000,0
0,12400.000000,-800.000000,6800.000000,4.000000,4.000000,4.000000,0.000000,0.000000,0.000000,0
0,12800.000000,-800.000000,6800.000000,4.000000,4.000000,4.000000,0.000000,0.000000,0.000000,0
0,13200.000000,-800.000000,6800.000000,4.000000,4.000000,4.000000,0.000000,0.000000,0.000000,0
0,13600.000000,-800.000000,6800.000000,4.000000,4.000000,4.000000,0.000000,0.000000,0.000000,0
0,14000.000000,-800.000000,6800.000000,4.000000,4.000000,4.000000,0.000000,0.000000,0.000000,0
0,14400.000000,-800.000000,6800.000000,4.000000,4.000000,4.000000,0.000000,0.000000,0.000000,0
0,14800.000000,-800.000000,6800.000000,4.000000,4.000000,4.000000,0.000000,0.000000,0.000000,0
0,15200.000000,-800.000000,6800.000000,4.000000,4.000000,4.000000,0.000000,0.000000,0.000000,0
0,15600.000000,-800.000000,6800.000000,4.000000,4.000000,4.000000,0.000000,0.000000,0.000000,0
0,16000.000000,-800.000000,6800.000000,4.000000,4.000000,4.000000,0.000000,0.000000,0.000000,0
0,16400.000000,-800.000000,6800.000000,4.000000,4.000000,4.000000,0.000000,0.000000,0.000000,0
0,16800.000000,-800.000000,6800.000000,4.000000,4.000000,4.000000,0.000000,0.000000,0.000000,0
0,17200.000000,-800.000000,6800.000000,4.000000,4.000000,4.000000,0.000000,0.000000,0.000000,0
0,17600.000000,-800.000000,6800.000000,4.000000,4.000000,4.000000,0.000000,0.000000,0.000000,0
0,18000.000000,-800.000000,6800.000000,4.000000,4.000000,4.000000,0.000000,0.000000,0.000000,0
0,18400.000000,-800.000000,6800.000000,4.000000,4.000000,4.000000,0.000000,0.000000,0.000000,0
0,18800.000000,-800.000000,6800.000000,4.000000,4.000000,4.000000,0.000000,0.000000,0.000000,0
0,19200.000000,-800.000000,6800.000000,4.000000,4.000000,4.000000,0.000000,0.000000,0.000000,0
0,19600.000000,-800.000000,6800.000000,4.000000,4.000000,4.000000,0.000000,0.000000,0.000000,0
0,20000.000000,-800.000000,6800.000000,4.000000,4.000000,4.000000,0.000000,0.000000,0.000000,0
0,2000.000000,-2000.000000,400.000000,4.000000,4.000000,4.000000,0.000000,0.000000,0.000000,0
0,1600.000000,-2000.000000,400.000000,4.000000,4.000000,4.000000,0.000000,0.000000,0.000000,0
0,1200.000000,-2000.000000,400.000000,4.000000,4.000000,4.000000,0.000000,0.000000,0.000000,0
0,800.000000,-2000.000000,400.000000,4.000000,4.000000,4.000000,0.000000,0.000000,0.000000,0
0,400.000000,-2000.000000,400.000000,4.000000,4.000000,4.000000,0.000000,0.000000,0.000000,0
0,0.000000,-2000.000000,400.000000,4.000000,4.000000,4.000000,0.000000,0.000000,0.000000,0
0,-400.000000,-2000.000000,400.000000,4.000000,4.000000,4.000000,0.000000,0.000000,0.000000,0
0,-800.000000,-2000.000000,400.000000,4.000000,4.000000,4.000000,0.000000,0.000000,0.000000,0
0,-1200.000000,-2000.000000,400.000000,4.000000,4.000000,4.000000,0.000000,0.000000,0.000000,0
0,-1600.000000,-2000.000000,400.000000,4.000000,4.000000,4.000000,0.000000,0.000000,0.000000,0
0,-1600.000000,-1200.000000,400.000000,4.000000,4.000000,4.000000,0.000000,0.000000,0.000000,0
0,-1600.000000,-800.000000,400.000000,4.000000,4.000000,4.000000,0.000000,0.000000,0.000000,0
0,-1600.000000,-400.000000,400.000000,4.000000,4.000000,4.000000,0.000000,0.000000,0.000000,0
0,-1600.000000,-1600.000000,400.000000,4.000000,4.000000,4.000000,0.000000,0.000000,0.000000,0
0,-1600.000000,0.000000,400.000000,4.000000,4.000000,4.000000,0.000000,0.000000,0.000000,0
0,-1600.000000,400.000000,400.000000,4.000000,4.000000,4.000000,0.000000,0.000000,0.000000,0
0,-1200.000000,400.000000,400.000000,4.000000,4.000000,4.000000,0.000000,0.000000,0.000000,0
0,-800.000000,400.000000,400.000000,4.000000,4.000000,4.000000,0.000000,0.000000,0.000000,0
0,-400.000000,400.000000,400.000000,4.000000,4.000000,4.000000,0.000000,0.000000,0.000000,0
0,0.000000,400.000000,400.000000,4.000000,4.000000,4.000000,0.000000,0.000000,0.000000,0
0,400.000000,400.000000,400.000000,4.000000,4.000000,4.000000,0.000000,0.000000,0.000000,0
0,800.000000,400.000000,400.000000,4.000000,4.000000,4.000000,0.000000,0.000000,0.000000,0
0,1200.000000,400.000000,400.000000,4.000000,4.000000,4.000000,0.000000,0.000000,0.000000,0
0,1600.000000,400.000000,400.000000,4.000000,4.000000,4.000000,0.000000,0.000000,0.000000,0
0,2000.000000,400.000000,400.000000,4.000000,4.000000,4.000000,0.000000,0.000000,0.000000,0
0,2400.000000,400.000000,400.000000,4.000000,4.000000,4.000000,0.000000,0.000000,0.000000,0
0,2800.000000,400.000000,400.000000,4.000000,4.000000,4.000000,0.000000,0.000000,0.000000,0
0,3200.000000,400.000000,400.000000,4.000000,4.000000,4.000000,0.000000,0.000000,0.000000,0
0,3600.000000,400.000000,400.000000,4.000000,4.000000,4.000000,0.000000,0.000000,0.000000,0
0,4000.000000,400.000000,400.000000,4.000000,4.000000,4.000000,0.000000,0.000000,0.000000,0
0,4400.000000,400.000000,400.000000,4.000000,4.000000,4.000000,0.000000,0.000000,0.000000,0
0,4800.000000,400.000000,400.000000,4.000000,4.000000,4.000000,0.000000,0.000000,0.000000,0
0,5200.000000,400.000000,400.000000,4.000000,4.000000,4.000000,0.000000,0.000000,0.000000,0
0,5600.000000,400.000000,400.000000,4.000000,4.000000,4.000000,0.000000,0.000000,0.000000,0
0,6000.000000,400.000000,400.000000,4.000000,4.000000,4.000000,0.000000,0.000000,0.000000,0
0,6400.000000,400.000000,400.000000,4.000000,4.000000,4.000000,0.000000,0.000000,0.000000,0
0,6800.000000,400.000000,400.000000,4.000000,4.000000,4.000000,0.000000,0.000000,0.000000,0
0,7200.000000,400.000000,400.000000,4.000000,4.000000,4.000000,0.000000,0.000000,0.000000,0
0,7600.000000,400.000000,400.000000,4.000000,4.000000,4.000000,0.000000,0.000000,0.000000,0
0,8000.000000,400.000000,400.000000,4.000000,4.000000,4.000000,0.000000,0.000000,0.000000,0
0,8400.000000,400.000000,400.000000,4.000000,4.000000,4.000000,0.000000,0.000000,0.000000,0
0,8800.000000,400.000000,400.000000,4.000000,4.000000,4.000000,0.000000,0.000000,0.000000,0
0,9200.000000,400.000000,400.000000,4.000000,4.000000,4.000000,0.000000,0.000000,0.000000,0
0,9600.000000,400.000000,400.000000,4.000000,4.000000,4.000000,0.000000,0.000000,0.000000,0
0,10000.000000,400.000000,400.000000,4.000000,4.000000,4.000000,0.000000,0.000000,0.000000,0
0,14800.000000,400.000000,400.000000,4.000000,4.000000,4.000000,0.000000,0.000000,0.000000,0
0,15200.000000,400.000000,400.000000,4.000000,4.000000,4.000000,0.000000,0.000000,0.000000,0
0,15600.000000,400.000000,400.000000,4.000000,4.000000,4.000000,0.000000,0.000000,0.000000,0
0,16000.000000,400.000000,400.000000,4.000000,4.000000,4.000000,0.000000,0.000000,0.000000,0
0,16400.000000,400.000000,400.000000,4.000000,4.000000,4.000000,0.000000,0.000000,0.000000,0
0,16800.000000,400.000000,400.000000,4.000000,4.000000,4.000000,0.000000,0.000000,0.000000,0
0,17200.000000,400.000000,400.000000,4.000000,4.000000,4.000000,0.000000,0.000000,0.000000,0
0,17600.000000,400.000000,400.000000,4.000000,4.000000,4.000000,0.000000,0.000000,0.000000,0
0,18000.000000,400.000000,400.000000,4.000000,4.000000,4.000000,0.000000,0.000000,0.000000,0
0,18400.000000,400.000000,400.000000,4.000000,4.000000,4.000000,0.000000,0.000000,0.000000,0
0,18800.000000,400.000000,400.000000,4.000000,4.000000,4.000000,0.000000,0.000000,0.000000,0
0,19200.000000,400.000000,400.000000,4.000000,4.000000,4.000000,0.000000,0.000000,0.000000,0
0,19600.000000,400.000000,400.000000,4.000000,4.000000,4.000000,0.000000,0.000000,0.000000,0
0,20000.000000,400.000000,400.000000,4.000000,4.000000,4.000000,0.000000,0.000000,0.000000,0
0,20400.000000,400.000000,400.000000,4.000000,4.000000,4.000000,0.000000,0.000000,0.000000,0
0,20800.000000,400.000000,400.000000,4.000000,4.000000,4.000000,0.000000,0.000000,0.000000,0
0,21200.000000,400.000000,400.000000,4.000000,4.000000,4.000000,0.000000,0.000000,0.000000,0
0,21600.000000,400.000000,400.000000,4.000000,4.000000,4.000000,0.000000,0.000000,0.000000,0
0,21600.000000,800.000000,400.000000,4.000000,4.000000,4.000000,0.000000,0.000000,0.000000,0
0,21600.000000,1200.000000,400.000000,4.000000,4.000000,4.000000,0.000000,0.000000,0.000000,0
0,21600.000000,1600.000000,400.000000,4.000000,4.000000,4.000000,0.000000,0.000000,0.000000,0
0,21600.000000,2000.000000,400.000000,4.000000,4.000000,4.000000,0.000000,0.000000,0.000000,0
0,21600.000000,2400.000000,400.000000,4.000000,4.000000,4.000000,0.000000,0.000000,0.000000,0
0,21600.000000,2800.000000,400.000000,4.000000,4.000000,4.000000,0.000000,0.000000,0.000000,0
0,21600.000000,3200.000000,400.000000,4.000000,4.000000,4.000000,0.000000,0.000000,0.000000,0
0,21600.000000,3600.000000,400.000000,4.000000,4.000000,4.000000,0.000000,0.000000,0.000000,0
0,21600.000000,4000.000000,400.000000,4.000000,4.000000,4.000000,0.000000,0.000000,0.000000,0
0,22000.000000,4000.000000,400.000000,4.000000,4.000000,4.000000,0.000000,0.000000,0.000000,0
0,22400.000000,4000.000000,400.000000,4.000000,4.000000,4.000000,0.000000,0.000000,0.000000,0
0,22800.000000,4000.000000,400.000000,4.000000,4.000000,4.000000,0.000000,0.000000,0.000000,0
0,23200.000000,4000.000000,400.000000,4.000000,4.000000,4.000000,0.000000,0.000000,0.000000,0
0,23600.000000,4000.000000,400.000000,4.000000,4.000000,4.000000,0.000000,0.000000,0.000000,0
0,24000.000000,4000.000000,400.000000,4.000000,4.000000,4.000000,0.000000,0.000000,0.000000,0
0,24000.000000,3600.000000,400.000000,4.000000,4.000000,4.000000,0.000000,0.000000,0.000000,0
0,24000.000000,3200.000000,400.000000,4.000000,4.000000,4.000000,0.000000,0.000000,0.000000,0
0,24000.000000,2800.000000,400.000000,4.000000,4.000000,4.000000,0.000000,0.000000,0.000000,0
0,24000.000000,2400.000000,400.000000,4.000000,4.000000,4.000000,0.000000,0.000000,0.000000,0
0,24000.000000,2000.000000,400.000000,4.000000,4.000000,4.000000,0.000000,0.000000,0.000000,0
0,24000.000000,1600.000000,400.000000,4.000000,4.000000,4.000000,0.000000,0.000000,0.000000,0
0,24000.000000,1200.000000,400.000000,4.000000,4.000000,4.000000,0.000000,0.000000,0.000000,0
0,24000.000000,800.000000,400.000000,4.000000,4.000000,4.000000,0.000000,0.000000,0.000000,0
0,24000.000000,400.000000,400.000000,4.000000,4.000000,4.000000,0.000000,0.000000,0.000000,0
0,24000.000000,0.000000,400.000000,4.000000,4.000000,4.000000,0.000000,0.000000,0.000000,0
0,24000.000000,-400.000000,400.000000,4.000000,4.000000,4.000000,0.000000,0.000000,0.000000,0
0,24000.000000,-800.000000,400.000000,4.000000,4.000000,4.000000,0.000000,0.000000,0.000000,0
0,24000.000000,-1200.000000,400.000000,4.000000,4.000000,4.000000,0.000000,0.000000,0.000000,0
0,24000.000000,-1600.000000,400.000000,4.000000,4.000000,4.000000,0.000000,0.000000,0.000000,0
0,24000.000000,-2000.000000,400.000000,4.000000,4.000000,4.000000,0.000000,0.000000,0.000000,0
0,23600.000000,-2000.000000,400.000000,4.000000,4.000000,4.000000,0.000000,0.000000,0.000000,0
0,20000.000000,-2000.000000,400.000000,4.000000,4.000000,4.000000,0.000000,0.000000,0.000000,0
0,19600.000000,-2000.000000,400.000000,4.000000,4.000000,4.000000,0.000000,0.000000,0.000000,0
0,19200.000000,-2000.000000,400.000000,4.000000,4.000000,4.000000,0.000000,0.000000,0.000000,0
0,18800.000000,-2000.000000,400.000000,4.000000,4.000000,4.000000,0.000000,0.000000,0.000000,0
0,18400.000000,-2000.000000,400.000000,4.000000,4.000000,4.000000,0.000000,0.000000,0.000000,0
0,18000.000000,-2000.000000,400.000000,4.000000,4.000000,4.000000,0.000000,0.000000,0.000000,0
0,17600.000000,-2000.000000,400.000000,4.000000,4.000000,4.000000,0.000000,0.000000,0.000000,0
0,17200.000000,-2000.000000,400.000000,4.000000,4.000000,4.000000,0.000000,0.000000,0.000000,0
0,16800.000000,-2000.000000,400.000000,4.000000,4.000000,4.000000,0.000000,0.000000,0.000000,0
0,16400.000000,-2000.000000,400.000000,4.000000,4.000000,4.000000,0.000000,0.000000,0.000000,0
0,16000.000000,-2000.000000,400.000000,4.000000,4.000000,4.000000,0.000000,0.000000,0.000000,0
0,15600.000000,-2000.000000,400.000000,4.000000,4.000000,4.000000,0.000000,0.000000,0.000000,0
0,15200.000000,-2000.000000,400.000000,4.000000,4.000000,4.000000,0.000000,0.000000,0.000000,0
0,14800.000000,-2000.000000,400.000000,4.000000,4.000000,4.000000,0.000000,0.000000,0.000000,0
0,10000.000000,-2000.000000,400.000000,4.000000,4.000000,4.000000,0.000000,0.000000,0.000000,0
0,9600.000000,-2000.000000,400.000000,4.000000,4.000000,4.000000,0.000000,0.000000,0.000000,0
0,9200.000000,-2000.000000,400.000000,4.000000,4.000000,4.000000,0.000000,0.000000,0.000000,0
0,8800.000000,-2000.000000,400.000000,4.000000,4.000000,4.000000,0.000000,0.000000,0.000000,0
0,8400.000000,-2000.000000,400.000000,4.000000,4.000000,4.000000,0.000000,0.000000,0.000000,0
0,8000.000000,-2000.000000,400.000000,4.000000,4.000000,4.000000,0.000000,0.000000,0.000000,0
0,7600.000000,-2000.000000,400.000000,4.000000,4.000000,4.000000,0.000000,0.000000,0.000000,0
0,7200.000000,-2000.000000,400.000000,4.000000,4.000000,4.000000,0.000000,0.000000,0.000000,0
0,6800.000000,-2000.000000,400.000000,4.000000,4.000000,4.000000,0.000000,0.000000,0.000000,0
0,6400.000000,-2000.000000,400.000000,4.000000,4.000000,4.000000,0.000000,0.000000,0.000000,0
0,6000.000000,-2000.000000,400.000000,4.000000,4.000000,4.000000,0.000000,0.000000,0.000000,0
0,5600.000000,-2000.000000,400.000000,4.000000,4.000000,4.000000,0.000000,0.000000,0.000000,0
0,5200.000000,-2000.000000,400.000000,4.000000,4.000000,4.000000,0.000000,0.000000,0.000000,0
0,4800.000000,-2000.000000,400.000000,4.000000,4.000000,4.000000,0.000000,0.000000,0.000000,0
0,4400.000000,-2000.000000,400.000000,4.000000,4.000000,4.000000,0.000000,0.000000,0.000000,0
0,4000.000000,-2000.000000,400.000000,4.000000,4.000000,4.000000,0.000000,0.000000,0.000000,0
0,3600.000000,-2000.000000,400.000000,4.000000,4.000000,4.000000,0.000000,0.000000,0.000000,0
0,3200.000000,-2000.000000,400.000000,4.000000,4.000000,4.000000,0.000000,0.000000,0.000000,0
0,2800.000000,-2000.000000,400.000000,4.000000,4.000000,4.000000,0.000000,0.000000,0.000000,0
0,2400.000000,-2000.000000,400.000000,4.000000,4.000000,4.000000,0.000000,0.000000,0.000000,0
7,14400.000000,-1600.000000,400.000000,4.000000,4.000000,4.000000,0.000000,0.000000,0.000000,0
7,14000.000000,-1600.000000,400.000000,4.000000,4.000000,4.000000,0.000000,0.000000,0.000000,0
7,13600.000000,-1600.000000,400.000000,4.000000,4.000000,4.000000,0.000000,0.000000,0.000000,0
7,13200.000000,-1600.000000,400.000000,4.000000,4.000000,4.000000,0.000000,0.000000,0.000000,0
7,12800.000000,-1600.000000,400.000000,4.000000,4.000000,4.000000,0.000000,0.000000,0.000000,0
7,12400.000000,-1600.000000,400.000000,4.000000,4.000000,4.000000,0.000000,0.000000,0.000000,0
7,12000.000000,-1600.000000,400.000000,4.000000,4.000000,4.000000,0.000000,0.000000,0.000000,0
7,11600.000000,-1600.000000,400.000000,4.000000,4.000000,4.000000,0.000000,0.000000,0.000000,0
7,11200.000000,-1600.000000,400.000000,4.000000,4.000000,4.000000,0.000000,0.000000,0.000000,0
7,10800.000000,-1600.000000,400.000000,4.000000,4.000000,4.000000,0.000000,0.000000,0.000000,0
7,10400.000000,-1600.000000,400.000000,4.000000,4.000000,4.000000,0.000000,0.000000,0.000000,0
7,10400.000000,0.000000,400.000000,4.000000,4.000000,4.000000,0.000000,0.000000,3.141593,0
7,10800.000000,0.000000,400.000000,4.000000,4.000000,4.000000,0.000000,0.000000,3.141593,0
7,11200.000000,0.000000,400.000000,4.000000,4.000000,4.000000,0.000000,0.000000,3.141593,0
7,11600.000000,0.000000,400.000000,4.000000,4.000000,4.000000,0.000000,0.000000,3.141593,0
7,12000.000000,0.000000,400.000000,4.000000,4.000000,4.000000,0.000000,0.000000,3.141593,0
7,12400.000000,0.000000,400.000000,4.000000,4.000000,4.000000,0.000000,0.000000,3.141593,0
7,12800.000000,0.000000,400.000000,4.000000,4.000000,4.000000,0.000000,0.000000,3.141593,0
7,13200.000000,0.000000,400.000000,4.000000,4.000000,4.000000,0.000000,0.000000,3.141593,0
7,13600.000000,0.000000,400.000000,4.000000,4.000000,4.000000,0.000000,0.000000,3.141593,0
7,14000.000000,0.000000,400.000000,4.000000,4.000000,4.000000,0.000000,0.000000,3.141593,0
7,14400.000000,0.000000,400.000000,4.000000,4.000000,4.000000,0.000000,0.000000,3.141593,0
7,21600.000000,0.000000,400.000000,4.000000,4.000000,4.000000,0.000000,0.000000,3.141593,0
7,21200.000000,0.000000,400.000000,4.000000,4.000000,4.000000,0.000000,0.000000,3.141593,0
7,20800.000000,0.000000,400.000000,4.000000,4.000000,4.000000,0.000000,0.000000,3.141593,0
7,20400.000000,0.000000,400.000000,4.000000,4.000000,4.000000,0.000000,0.000000,3.141593,0
7,20000.000000,0.000000,400.000000,4.000000,4.000000,4.000000,0.000000,0.000000,3.141593,0
0,23200.000000,-2000.000000,400.000000,4.000000,4.000000,4.000000,0.000000,0.000000,0.000000,0
0,22800.000000,-2000.000000,400.000000,4.000000,4.000000,4.000000,0.000000,0.000000,0.000000,0
0,22400.000000,-2000.000000,400.000000,4.000000,4.000000,4.000000,0.000000,0.000000,0.000000,0
0,22000.000000,-2000.000000,400.000000,4.000000,4.000000,4.000000,0.000000,0.000000,0.000000,0
0,21600.000000,-2000.000000,400.000000,4.000000,4.000000,4.000000,0.000000,0.000000,0.000000,0
0,21200.000000,-2000.000000,400.000000,4.000000,4.000000,4.000000,0.000000,0.000000,0.000000,0
0,20800.000000,-2000.000000,400.000000,4.000000,4.000000,4.000000,0.000000,0.000000,0.000000,0
0,20400.000000,-2000.000000,400.000000,4.000000,4.000000,4.000000,0.000000,0.000000,0.000000,0
7,23200.000000,-1600.000000,400.000000,4.000000,4.000000,4.000000,0.000000,0.000000,0.000000,0
7,22800.000000,-1600.000000,400.000000,4.000000,4.000000,4.000000,0.000000,0.000000,0.000000,0
7,22400.000000,-1600.000000,400.000000,4.000000,4.000000,4.000000,0.000000,0.000000,0.000000,0
7,22000.000000,-1600.000000,400.000000,4.000000,4.000000,4.000000,0.000000,0.000000,0.000000,0
7,21600.000000,-1600.000000,400.000000,4.000000,4.000000,4.000000,0.000000,0.000000,0.000000,0
7,21200.000000,-1600.000000,400.000000,4.000000,4.000000,4.000000,0.000000,0.000000,0.000000,0
7,20800.000000,-1600.000000,400.000000,4.000000,4.000000,4.000000,0.000000,0.000000,0.000000,0
7,20400.000000,-1600.000000,400.000000,4.000000,4.000000,4.000000,0.000000,0.000000,0.000000,0
7,23600.000000,2800.000000,400.000000,4.000000,4.000000,4.000000,0.000000,0.000000,1.570796,0
7,23600.000000,2400.000000,400.000000,4.000000,4.000000,4.000000,0.000000,0.000000,1.570796,0
7,23600.000000,2000.000000,400.000000,4.000000,4.000000,4.000000,0.000000,0.000000,1.570796,0
7,23600.000000,1600.000000,400.000000,4.000000,4.000000,4.000000,0.000000,0.000000,1.570796,0
7,23600.000000,1200.000000,400.000000,4.000000,4.000000,4.000000,0.000000,0.000000,1.570796,0
7,23600.000000,800.000000,400.000000,4.000000,4.000000,4.000000,0.000000,0.000000,1.570796,0
7,23600.000000,400.000000,400.000000,4.000000,4.000000,4.000000,0.000000,0.000000,1.570796,0
7,23600.000000,0.000000,400.000000,4.000000,4.000000,4.000000,0.000000,0.000000,1.570796,0
7,23600.000000,-400.000000,400.000000,4.000000,4.000000,4.000000,0.000000,0.000000,1.570796,0
7,23600.000000,-800.000000,400.000000,4.000000,4.000000,4.000000,0.000000,0.000000,1.570796,0
7,23600.000000,-1200.000000,400.000000,4.000000,4.000000,4.000000,0.000000,0.000000,1.570796,0
7,22000.000000,400.000000,400.000000,4.000000,4.000000,4.000000,0.000000,0.000000,-1.570796,0
7,22000.000000,800.000000,400.000000,4.000000,4.000000,4.000000,0.000000,0.000000,-1.570796,0
7,22000.000000,1200.000000,400.000000,4.000000,4.000000,4.000000,0.000000,0.000000,-1.570796,0
7,22000.000000,1600.000000,400.000000,4.000000,4.000000,4.000000,0.000000,0.000000,-1.570796,0
7,22000.000000,2000.000000,400.000000,4.000000,4.000000,4.000000,0.000000,0.000000,-1.570796,0
7,22000.000000,2400.000000,400.000000,4.000000,4.000000,4.000000,0.000000,0.000000,-1.570796,0
7,22000.000000,2800.000000,400.000000,4.000000,4.000000,4.000000,0.000000,0.000000,-1.570796,0
35,21200.000000,800.000000,0.000000,54.000000,54.000000,4.000000,0.000000,0.000000,0.000000,0,0,0,1500,-2000
